iter,BMI组,最优周_boot
1,Q1,16.8
1,Q2,21.5
1,Q3,20.3
1,Q4,16.3
1,Q5,23.5
2,Q1,16.8
2,Q2,19.0
2,Q3,20.3
2,Q4,16.3
2,Q5,23.5
3,Q1,16.8
3,Q2,19.0
3,Q3,20.3
3,Q4,16.3
3,Q5,23.5
4,Q1,16.8
4,Q2,19.0
4,Q3,20.3
4,Q4,16.3
4,Q5,23.5
5,Q1,16.8
5,Q2,19.0
5,Q3,20.3
5,Q4,16.3
5,Q5,24.0
6,Q1,16.8
6,Q2,19.0
6,Q3,19.9
6,Q4,16.3
6,Q5,23.2
7,Q1,16.8
7,Q2,19.0
7,Q3,20.3
7,Q4,16.3
7,Q5,23.5
8,Q1,16.8
8,Q2,19.0
8,Q3,19.9
8,Q4,16.3
8,Q5,23.5
9,Q1,16.8
9,Q2,19.0
9,Q3,20.3
9,Q4,16.3
9,Q5,23.5
10,Q1,16.8
10,Q2,20.9
10,Q3,20.3
10,Q4,16.3
10,Q5,24.0
11,Q1,16.8
11,Q2,19.0
11,Q3,19.9
11,Q4,16.3
11,Q5,23.2
12,Q1,16.8
12,Q2,19.0
12,Q3,20.3
12,Q4,16.3
12,Q5,23.5
13,Q1,16.8
13,Q2,19.0
13,Q3,20.3
13,Q4,16.3
13,Q5,24.0
14,Q1,16.8
14,Q2,19.0
14,Q3,20.3
14,Q4,16.3
14,Q5,23.5
15,Q1,16.8
15,Q2,19.0
15,Q3,20.3
15,Q4,16.3
15,Q5,23.2
16,Q1,16.8
16,Q2,19.0
16,Q3,20.3
16,Q4,16.3
16,Q5,23.5
17,Q1,16.8
17,Q2,19.0
17,Q3,19.9
17,Q4,16.3
17,Q5,23.2
18,Q1,16.8
18,Q2,19.0
18,Q3,20.3
18,Q4,16.3
18,Q5,23.2
19,Q1,16.8
19,Q2,19.0
19,Q3,19.9
19,Q4,16.3
19,Q5,24.0
20,Q1,16.8
20,Q2,19.0
20,Q3,19.9
20,Q4,16.3
20,Q5,24.0
21,Q1,16.8
21,Q2,19.0
21,Q3,20.3
21,Q4,16.3
21,Q5,24.0
22,Q1,16.8
22,Q2,19.0
22,Q3,20.3
22,Q4,16.3
22,Q5,24.0
23,Q1,16.8
23,Q2,21.5
23,Q3,19.9
23,Q4,16.3
23,Q5,24.0
24,Q1,16.8
24,Q2,19.0
24,Q3,20.3
24,Q4,16.3
24,Q5,24.0
25,Q1,16.8
25,Q2,21.5
25,Q3,20.3
25,Q4,16.3
25,Q5,23.2
26,Q1,16.8
26,Q2,19.0
26,Q3,19.9
26,Q4,16.3
26,Q5,23.5
27,Q1,16.8
27,Q2,19.0
27,Q3,20.3
27,Q4,16.3
27,Q5,23.5
28,Q1,16.8
28,Q2,19.0
28,Q3,20.3
28,Q4,16.3
28,Q5,23.5
29,Q1,16.8
29,Q2,19.0
29,Q3,20.3
29,Q4,16.3
29,Q5,23.2
30,Q1,16.8
30,Q2,19.0
30,Q3,20.3
30,Q4,16.3
30,Q5,24.0
31,Q1,16.8
31,Q2,19.0
31,Q3,19.9
31,Q4,16.3
31,Q5,23.5
32,Q1,16.8
32,Q2,19.0
32,Q3,20.3
32,Q4,16.3
32,Q5,23.2
33,Q1,16.8
33,Q2,19.0
33,Q3,20.3
33,Q4,16.3
33,Q5,23.2
34,Q1,16.8
34,Q2,19.0
34,Q3,19.9
34,Q4,16.3
34,Q5,23.5
35,Q1,16.8
35,Q2,20.9
35,Q3,20.3
35,Q4,16.3
35,Q5,24.0
36,Q1,16.8
36,Q2,19.0
36,Q3,19.9
36,Q4,16.3
36,Q5,23.5
37,Q1,16.8
37,Q2,19.0
37,Q3,20.3
37,Q4,16.3
37,Q5,23.2
38,Q1,16.8
38,Q2,19.0
38,Q3,19.9
38,Q4,16.3
38,Q5,24.0
39,Q1,16.8
39,Q2,19.0
39,Q3,19.9
39,Q4,16.3
39,Q5,24.0
40,Q1,16.8
40,Q2,19.0
40,Q3,20.3
40,Q4,16.3
40,Q5,23.5
41,Q1,16.8
41,Q2,21.5
41,Q3,20.3
41,Q4,16.3
41,Q5,23.5
42,Q1,16.8
42,Q2,19.0
42,Q3,20.3
42,Q4,16.3
42,Q5,24.0
43,Q1,16.8
43,Q2,19.0
43,Q3,19.9
43,Q4,16.3
43,Q5,23.5
44,Q1,16.8
44,Q2,19.0
44,Q3,20.3
44,Q4,16.3
44,Q5,23.5
45,Q1,16.8
45,Q2,19.0
45,Q3,20.3
45,Q4,16.3
45,Q5,24.0
46,Q1,16.8
46,Q2,19.0
46,Q3,19.9
46,Q4,16.3
46,Q5,23.5
47,Q1,16.8
47,Q2,21.5
47,Q3,19.9
47,Q4,16.3
47,Q5,23.5
48,Q1,16.8
48,Q2,19.0
48,Q3,20.3
48,Q4,16.3
48,Q5,23.5
49,Q1,16.8
49,Q2,19.0
49,Q3,20.3
49,Q4,16.3
49,Q5,23.2
50,Q1,16.8
50,Q2,19.0
50,Q3,20.3
50,Q4,16.3
50,Q5,23.2
51,Q1,16.8
51,Q2,19.0
51,Q3,20.3
51,Q4,16.3
51,Q5,23.5
52,Q1,16.8
52,Q2,19.0
52,Q3,20.3
52,Q4,16.3
52,Q5,23.2
53,Q1,16.8
53,Q2,19.0
53,Q3,20.3
53,Q4,16.3
53,Q5,23.2
54,Q1,16.8
54,Q2,19.0
54,Q3,20.3
54,Q4,16.3
54,Q5,23.2
55,Q1,16.8
55,Q2,19.0
55,Q3,19.9
55,Q4,16.3
55,Q5,23.5
56,Q1,16.8
56,Q2,19.0
56,Q3,20.3
56,Q4,16.3
56,Q5,24.0
57,Q1,16.8
57,Q2,19.0
57,Q3,20.3
57,Q4,16.3
57,Q5,23.5
58,Q1,16.8
58,Q2,19.0
58,Q3,20.3
58,Q4,16.3
58,Q5,24.0
59,Q1,16.8
59,Q2,19.0
59,Q3,20.3
59,Q4,16.3
59,Q5,23.5
60,Q1,16.8
60,Q2,21.5
60,Q3,20.3
60,Q4,16.3
60,Q5,24.0
61,Q1,16.8
61,Q2,19.0
61,Q3,20.3
61,Q4,16.3
61,Q5,24.0
62,Q1,21.3
62,Q2,19.0
62,Q3,19.9
62,Q4,16.3
62,Q5,23.2
63,Q1,16.8
63,Q2,19.0
63,Q3,19.9
63,Q4,16.3
63,Q5,23.2
64,Q1,16.8
64,Q2,19.0
64,Q3,20.3
64,Q4,16.3
64,Q5,23.2
65,Q1,16.8
65,Q2,19.0
65,Q3,19.9
65,Q4,16.3
65,Q5,23.2
66,Q1,16.8
66,Q2,19.0
66,Q3,20.3
66,Q4,16.3
66,Q5,23.2
67,Q1,16.8
67,Q2,19.0
67,Q3,20.3
67,Q4,16.3
67,Q5,23.5
68,Q1,16.8
68,Q2,19.0
68,Q3,19.9
68,Q4,16.3
68,Q5,23.5
69,Q1,16.8
69,Q2,19.0
69,Q3,20.3
69,Q4,16.3
69,Q5,23.5
70,Q1,16.8
70,Q2,19.0
70,Q3,20.3
70,Q4,16.3
70,Q5,23.5
71,Q1,16.8
71,Q2,19.0
71,Q3,20.3
71,Q4,16.3
71,Q5,24.0
72,Q1,16.8
72,Q2,19.0
72,Q3,19.9
72,Q4,16.3
72,Q5,24.0
73,Q1,16.8
73,Q2,19.0
73,Q3,20.3
73,Q4,16.3
73,Q5,24.0
74,Q1,16.8
74,Q2,19.0
74,Q3,20.3
74,Q4,16.3
74,Q5,23.5
75,Q1,16.8
75,Q2,19.0
75,Q3,20.3
75,Q4,16.3
75,Q5,23.5
76,Q1,16.8
76,Q2,19.0
76,Q3,19.9
76,Q4,16.3
76,Q5,24.0
77,Q1,16.8
77,Q2,19.0
77,Q3,20.3
77,Q4,16.3
77,Q5,23.2
78,Q1,16.8
78,Q2,19.0
78,Q3,20.3
78,Q4,16.3
78,Q5,23.5
79,Q1,16.8
79,Q2,19.0
79,Q3,20.3
79,Q4,16.3
79,Q5,24.0
80,Q1,16.8
80,Q2,19.0
80,Q3,20.3
80,Q4,16.3
80,Q5,23.2
81,Q1,16.8
81,Q2,19.0
81,Q3,20.3
81,Q4,16.3
81,Q5,23.5
82,Q1,16.8
82,Q2,19.0
82,Q3,19.9
82,Q4,16.3
82,Q5,24.0
83,Q1,16.8
83,Q2,19.0
83,Q3,20.3
83,Q4,16.3
83,Q5,23.2
84,Q1,16.8
84,Q2,19.0
84,Q3,20.3
84,Q4,16.3
84,Q5,23.2
85,Q1,16.8
85,Q2,20.9
85,Q3,20.3
85,Q4,16.3
85,Q5,23.5
86,Q1,16.8
86,Q2,19.0
86,Q3,20.3
86,Q4,16.3
86,Q5,23.5
87,Q1,16.8
87,Q2,19.0
87,Q3,20.3
87,Q4,16.3
87,Q5,24.0
88,Q1,16.8
88,Q2,19.0
88,Q3,20.3
88,Q4,16.3
88,Q5,23.5
89,Q1,16.8
89,Q2,19.0
89,Q3,20.3
89,Q4,16.3
89,Q5,23.2
90,Q1,16.8
90,Q2,21.5
90,Q3,20.3
90,Q4,16.3
90,Q5,23.2
91,Q1,16.8
91,Q2,19.0
91,Q3,20.3
91,Q4,16.3
91,Q5,23.5
92,Q1,16.8
92,Q2,19.0
92,Q3,20.3
92,Q4,16.3
92,Q5,23.5
93,Q1,16.8
93,Q2,19.0
93,Q3,20.3
93,Q4,16.3
93,Q5,23.2
94,Q1,16.8
94,Q2,19.0
94,Q3,20.3
94,Q4,16.3
94,Q5,23.2
95,Q1,16.8
95,Q2,19.0
95,Q3,20.3
95,Q4,16.3
95,Q5,23.2
96,Q1,16.8
96,Q2,19.0
96,Q3,19.9
96,Q4,16.3
96,Q5,24.0
97,Q1,16.8
97,Q2,19.0
97,Q3,20.3
97,Q4,16.3
97,Q5,23.5
98,Q1,16.8
98,Q2,19.0
98,Q3,20.3
98,Q4,16.3
98,Q5,24.0
99,Q1,16.8
99,Q2,19.0
99,Q3,20.3
99,Q4,16.3
99,Q5,23.5
100,Q1,16.8
100,Q2,19.0
100,Q3,19.9
100,Q4,16.3
100,Q5,24.0
101,Q1,16.8
101,Q2,19.0
101,Q3,20.3
101,Q4,16.3
101,Q5,23.5
102,Q1,16.8
102,Q2,19.0
102,Q3,20.3
102,Q4,16.3
102,Q5,23.5
103,Q1,16.8
103,Q2,19.0
103,Q3,19.9
103,Q4,16.3
103,Q5,24.0
104,Q1,16.8
104,Q2,21.5
104,Q3,20.3
104,Q4,16.3
104,Q5,23.2
105,Q1,16.8
105,Q2,19.0
105,Q3,19.9
105,Q4,16.3
105,Q5,23.5
106,Q1,16.8
106,Q2,19.0
106,Q3,19.9
106,Q4,16.3
106,Q5,23.2
107,Q1,16.8
107,Q2,19.0
107,Q3,19.9
107,Q4,16.3
107,Q5,23.5
108,Q1,16.8
108,Q2,19.0
108,Q3,20.3
108,Q4,16.3
108,Q5,23.5
109,Q1,16.8
109,Q2,19.0
109,Q3,20.3
109,Q4,16.3
109,Q5,24.0
110,Q1,16.8
110,Q2,19.0
110,Q3,19.9
110,Q4,16.3
110,Q5,23.2
111,Q1,16.8
111,Q2,19.0
111,Q3,19.9
111,Q4,16.3
111,Q5,23.5
112,Q1,16.8
112,Q2,19.0
112,Q3,20.3
112,Q4,16.3
112,Q5,24.0
113,Q1,16.8
113,Q2,20.9
113,Q3,20.3
113,Q4,16.3
113,Q5,24.0
114,Q1,16.8
114,Q2,19.0
114,Q3,20.3
114,Q4,16.3
114,Q5,23.2
115,Q1,16.8
115,Q2,19.0
115,Q3,20.3
115,Q4,16.3
115,Q5,24.0
116,Q1,16.8
116,Q2,19.0
116,Q3,20.3
116,Q4,16.3
116,Q5,23.5
117,Q1,16.8
117,Q2,19.0
117,Q3,20.3
117,Q4,16.3
117,Q5,23.5
118,Q1,16.8
118,Q2,19.0
118,Q3,19.9
118,Q4,16.3
118,Q5,23.5
119,Q1,16.8
119,Q2,19.0
119,Q3,20.3
119,Q4,16.3
119,Q5,23.2
120,Q1,16.8
120,Q2,19.0
120,Q3,20.3
120,Q4,16.3
120,Q5,23.5
121,Q1,16.8
121,Q2,19.0
121,Q3,19.9
121,Q4,16.3
121,Q5,23.5
122,Q1,16.8
122,Q2,19.0
122,Q3,20.3
122,Q4,16.3
122,Q5,24.0
123,Q1,16.8
123,Q2,19.0
123,Q3,19.9
123,Q4,16.3
123,Q5,23.5
124,Q1,16.8
124,Q2,19.0
124,Q3,20.3
124,Q4,16.3
124,Q5,23.2
125,Q1,16.8
125,Q2,19.0
125,Q3,20.3
125,Q4,16.3
125,Q5,23.5
126,Q1,16.8
126,Q2,19.0
126,Q3,20.3
126,Q4,16.3
126,Q5,23.2
127,Q1,16.8
127,Q2,19.0
127,Q3,20.3
127,Q4,16.3
127,Q5,24.0
128,Q1,16.8
128,Q2,19.0
128,Q3,20.3
128,Q4,16.3
128,Q5,23.5
129,Q1,16.8
129,Q2,19.0
129,Q3,20.3
129,Q4,16.3
129,Q5,24.0
130,Q1,16.8
130,Q2,19.0
130,Q3,19.9
130,Q4,16.3
130,Q5,23.2
131,Q1,16.8
131,Q2,19.0
131,Q3,19.9
131,Q4,16.3
131,Q5,23.5
132,Q1,16.8
132,Q2,20.9
132,Q3,20.3
132,Q4,16.3
132,Q5,24.0
133,Q1,16.8
133,Q2,19.0
133,Q3,20.3
133,Q4,16.3
133,Q5,23.5
134,Q1,16.8
134,Q2,19.0
134,Q3,20.3
134,Q4,16.3
134,Q5,23.5
135,Q1,16.8
135,Q2,19.0
135,Q3,20.3
135,Q4,16.3
135,Q5,23.2
136,Q1,16.8
136,Q2,19.0
136,Q3,19.9
136,Q4,16.3
136,Q5,23.5
137,Q1,16.8
137,Q2,19.0
137,Q3,20.3
137,Q4,16.3
137,Q5,23.2
138,Q1,16.8
138,Q2,19.0
138,Q3,20.3
138,Q4,16.3
138,Q5,23.5
139,Q1,16.8
139,Q2,19.0
139,Q3,20.3
139,Q4,16.3
139,Q5,23.5
140,Q1,16.8
140,Q2,19.0
140,Q3,20.3
140,Q4,16.3
140,Q5,23.5
141,Q1,16.8
141,Q2,19.0
141,Q3,20.3
141,Q4,16.3
141,Q5,24.0
142,Q1,16.8
142,Q2,19.0
142,Q3,20.3
142,Q4,16.3
142,Q5,23.2
143,Q1,16.8
143,Q2,19.0
143,Q3,19.9
143,Q4,16.3
143,Q5,23.2
144,Q1,16.8
144,Q2,19.0
144,Q3,19.9
144,Q4,16.3
144,Q5,24.0
145,Q1,16.8
145,Q2,19.0
145,Q3,20.3
145,Q4,16.3
145,Q5,23.5
146,Q1,16.8
146,Q2,19.0
146,Q3,20.3
146,Q4,16.3
146,Q5,24.0
147,Q1,16.8
147,Q2,19.0
147,Q3,20.3
147,Q4,16.3
147,Q5,23.2
148,Q1,16.8
148,Q2,19.0
148,Q3,20.3
148,Q4,16.3
148,Q5,23.5
149,Q1,16.8
149,Q2,19.0
149,Q3,19.9
149,Q4,16.3
149,Q5,24.0
150,Q1,16.8
150,Q2,19.0
150,Q3,19.9
150,Q4,16.3
150,Q5,23.5
151,Q1,16.8
151,Q2,19.0
151,Q3,19.9
151,Q4,16.3
151,Q5,23.5
152,Q1,16.8
152,Q2,19.0
152,Q3,20.3
152,Q4,16.3
152,Q5,24.0
153,Q1,16.8
153,Q2,19.0
153,Q3,19.9
153,Q4,16.3
153,Q5,23.2
154,Q1,16.8
154,Q2,21.5
154,Q3,20.3
154,Q4,16.3
154,Q5,24.0
155,Q1,16.8
155,Q2,19.0
155,Q3,20.3
155,Q4,16.3
155,Q5,23.2
156,Q1,16.8
156,Q2,19.0
156,Q3,20.3
156,Q4,16.3
156,Q5,24.0
157,Q1,16.8
157,Q2,19.0
157,Q3,19.9
157,Q4,16.3
157,Q5,24.0
158,Q1,16.8
158,Q2,19.0
158,Q3,20.3
158,Q4,16.3
158,Q5,23.5
159,Q1,16.8
159,Q2,19.0
159,Q3,20.3
159,Q4,16.3
159,Q5,24.0
160,Q1,16.8
160,Q2,19.0
160,Q3,19.9
160,Q4,16.3
160,Q5,23.5
161,Q1,16.8
161,Q2,19.0
161,Q3,19.9
161,Q4,16.3
161,Q5,23.2
162,Q1,16.8
162,Q2,19.0
162,Q3,20.3
162,Q4,16.3
162,Q5,24.0
163,Q1,16.8
163,Q2,19.0
163,Q3,20.3
163,Q4,16.3
163,Q5,23.2
164,Q1,16.8
164,Q2,19.0
164,Q3,20.3
164,Q4,16.3
164,Q5,23.2
165,Q1,20.2
165,Q2,19.0
165,Q3,20.3
165,Q4,16.3
165,Q5,24.0
166,Q1,16.8
166,Q2,19.0
166,Q3,20.3
166,Q4,16.3
166,Q5,23.2
167,Q1,16.8
167,Q2,19.0
167,Q3,20.3
167,Q4,16.3
167,Q5,23.5
168,Q1,16.8
168,Q2,19.0
168,Q3,20.3
168,Q4,16.3
168,Q5,24.0
169,Q1,16.8
169,Q2,19.0
169,Q3,20.3
169,Q4,16.3
169,Q5,23.2
170,Q1,16.8
170,Q2,21.5
170,Q3,20.3
170,Q4,16.3
170,Q5,23.5
171,Q1,16.8
171,Q2,19.0
171,Q3,19.9
171,Q4,16.3
171,Q5,24.0
172,Q1,16.8
172,Q2,19.0
172,Q3,19.9
172,Q4,16.3
172,Q5,23.5
173,Q1,16.8
173,Q2,19.0
173,Q3,19.9
173,Q4,16.3
173,Q5,23.5
174,Q1,16.8
174,Q2,19.0
174,Q3,19.9
174,Q4,16.3
174,Q5,24.0
175,Q1,16.8
175,Q2,19.0
175,Q3,20.3
175,Q4,16.3
175,Q5,23.5
176,Q1,16.8
176,Q2,19.0
176,Q3,20.3
176,Q4,16.3
176,Q5,23.5
177,Q1,16.8
177,Q2,19.0
177,Q3,19.9
177,Q4,16.3
177,Q5,24.0
178,Q1,16.8
178,Q2,19.0
178,Q3,19.9
178,Q4,16.3
178,Q5,24.0
179,Q1,16.8
179,Q2,19.0
179,Q3,20.3
179,Q4,16.3
179,Q5,24.0
180,Q1,16.8
180,Q2,19.0
180,Q3,19.9
180,Q4,16.3
180,Q5,23.5
181,Q1,16.8
181,Q2,21.5
181,Q3,19.9
181,Q4,16.3
181,Q5,23.5
182,Q1,16.8
182,Q2,19.0
182,Q3,20.3
182,Q4,16.3
182,Q5,23.2
183,Q1,16.8
183,Q2,19.0
183,Q3,19.9
183,Q4,16.3
183,Q5,23.5
184,Q1,16.8
184,Q2,19.0
184,Q3,20.3
184,Q4,16.3
184,Q5,23.5
185,Q1,16.8
185,Q2,19.0
185,Q3,19.9
185,Q4,16.3
185,Q5,23.2
186,Q1,16.8
186,Q2,19.0
186,Q3,20.3
186,Q4,16.3
186,Q5,24.0
187,Q1,16.8
187,Q2,19.0
187,Q3,20.3
187,Q4,16.3
187,Q5,23.2
188,Q1,16.8
188,Q2,19.0
188,Q3,19.9
188,Q4,16.3
188,Q5,23.2
189,Q1,16.8
189,Q2,21.5
189,Q3,19.9
189,Q4,16.3
189,Q5,23.5
190,Q1,16.8
190,Q2,19.0
190,Q3,20.3
190,Q4,16.3
190,Q5,23.2
191,Q1,16.8
191,Q2,19.0
191,Q3,19.9
191,Q4,16.3
191,Q5,23.5
192,Q1,16.8
192,Q2,19.0
192,Q3,20.3
192,Q4,16.3
192,Q5,23.5
193,Q1,16.8
193,Q2,19.0
193,Q3,19.9
193,Q4,16.3
193,Q5,23.5
194,Q1,16.8
194,Q2,19.0
194,Q3,20.3
194,Q4,16.3
194,Q5,23.2
195,Q1,16.8
195,Q2,19.0
195,Q3,19.9
195,Q4,16.3
195,Q5,23.5
196,Q1,16.8
196,Q2,19.0
196,Q3,20.3
196,Q4,16.3
196,Q5,24.0
197,Q1,16.8
197,Q2,19.0
197,Q3,19.9
197,Q4,16.3
197,Q5,23.2
198,Q1,16.8
198,Q2,21.5
198,Q3,20.3
198,Q4,16.3
198,Q5,24.0
199,Q1,16.8
199,Q2,19.0
199,Q3,20.3
199,Q4,16.3
199,Q5,23.5
200,Q1,16.8
200,Q2,19.0
200,Q3,19.9
200,Q4,16.3
200,Q5,23.5
201,Q1,16.8
201,Q2,19.0
201,Q3,20.3
201,Q4,16.3
201,Q5,23.5
202,Q1,16.8
202,Q2,21.5
202,Q3,19.9
202,Q4,16.3
202,Q5,23.5
203,Q1,16.8
203,Q2,19.0
203,Q3,20.3
203,Q4,16.3
203,Q5,23.2
204,Q1,16.8
204,Q2,19.0
204,Q3,20.3
204,Q4,16.3
204,Q5,23.5
205,Q1,16.8
205,Q2,19.0
205,Q3,19.9
205,Q4,16.3
205,Q5,23.5
206,Q1,16.8
206,Q2,19.0
206,Q3,19.9
206,Q4,16.3
206,Q5,24.0
207,Q1,16.8
207,Q2,19.0
207,Q3,20.3
207,Q4,16.3
207,Q5,23.5
208,Q1,16.8
208,Q2,19.0
208,Q3,20.3
208,Q4,16.3
208,Q5,23.5
209,Q1,16.8
209,Q2,19.0
209,Q3,20.3
209,Q4,16.3
209,Q5,23.5
210,Q1,16.8
210,Q2,19.0
210,Q3,19.9
210,Q4,16.3
210,Q5,24.0
211,Q1,16.8
211,Q2,19.0
211,Q3,20.3
211,Q4,16.3
211,Q5,23.2
212,Q1,16.8
212,Q2,19.0
212,Q3,20.3
212,Q4,16.3
212,Q5,23.2
213,Q1,16.8
213,Q2,19.0
213,Q3,20.3
213,Q4,16.3
213,Q5,23.5
214,Q1,16.8
214,Q2,19.0
214,Q3,20.3
214,Q4,16.3
214,Q5,23.5
215,Q1,16.8
215,Q2,19.0
215,Q3,20.3
215,Q4,16.3
215,Q5,23.5
216,Q1,16.8
216,Q2,19.0
216,Q3,20.3
216,Q4,16.3
216,Q5,23.5
217,Q1,16.8
217,Q2,19.0
217,Q3,20.3
217,Q4,16.3
217,Q5,23.2
218,Q1,16.8
218,Q2,19.0
218,Q3,19.9
218,Q4,16.3
218,Q5,23.2
219,Q1,16.8
219,Q2,19.0
219,Q3,19.9
219,Q4,16.3
219,Q5,23.2
220,Q1,16.8
220,Q2,19.0
220,Q3,19.9
220,Q4,16.3
220,Q5,23.2
221,Q1,16.8
221,Q2,19.0
221,Q3,19.9
221,Q4,16.3
221,Q5,24.0
222,Q1,16.8
222,Q2,21.5
222,Q3,19.9
222,Q4,16.3
222,Q5,24.0
223,Q1,16.8
223,Q2,19.0
223,Q3,20.3
223,Q4,16.3
223,Q5,23.2
224,Q1,16.8
224,Q2,19.0
224,Q3,20.3
224,Q4,16.3
224,Q5,24.0
225,Q1,16.8
225,Q2,19.0
225,Q3,20.3
225,Q4,16.3
225,Q5,23.5
226,Q1,16.8
226,Q2,19.0
226,Q3,20.3
226,Q4,16.3
226,Q5,23.5
227,Q1,16.8
227,Q2,19.0
227,Q3,20.3
227,Q4,16.3
227,Q5,23.5
228,Q1,16.8
228,Q2,19.0
228,Q3,19.9
228,Q4,16.3
228,Q5,23.2
229,Q1,16.8
229,Q2,19.0
229,Q3,20.3
229,Q4,16.3
229,Q5,23.5
230,Q1,16.8
230,Q2,19.0
230,Q3,20.3
230,Q4,16.3
230,Q5,23.5
231,Q1,16.8
231,Q2,19.0
231,Q3,19.9
231,Q4,16.3
231,Q5,23.2
232,Q1,16.8
232,Q2,19.0
232,Q3,19.9
232,Q4,16.3
232,Q5,23.2
233,Q1,16.8
233,Q2,19.0
233,Q3,19.9
233,Q4,16.3
233,Q5,23.2
234,Q1,16.8
234,Q2,19.0
234,Q3,20.3
234,Q4,16.3
234,Q5,24.0
235,Q1,16.8
235,Q2,19.0
235,Q3,20.3
235,Q4,16.3
235,Q5,24.0
236,Q1,16.8
236,Q2,19.0
236,Q3,19.9
236,Q4,16.3
236,Q5,23.5
237,Q1,16.8
237,Q2,19.0
237,Q3,20.3
237,Q4,16.3
237,Q5,23.5
238,Q1,16.8
238,Q2,19.0
238,Q3,20.3
238,Q4,16.3
238,Q5,24.0
239,Q1,16.8
239,Q2,19.0
239,Q3,20.3
239,Q4,16.3
239,Q5,23.5
240,Q1,16.8
240,Q2,19.0
240,Q3,20.3
240,Q4,16.3
240,Q5,23.2
241,Q1,16.8
241,Q2,19.0
241,Q3,20.3
241,Q4,16.3
241,Q5,23.5
242,Q1,16.8
242,Q2,19.0
242,Q3,20.3
242,Q4,16.3
242,Q5,23.5
243,Q1,16.8
243,Q2,19.0
243,Q3,20.3
243,Q4,16.3
243,Q5,23.5
244,Q1,16.8
244,Q2,20.6
244,Q3,20.3
244,Q4,16.3
244,Q5,23.5
245,Q1,16.8
245,Q2,19.0
245,Q3,20.3
245,Q4,16.3
245,Q5,23.2
246,Q1,16.8
246,Q2,19.0
246,Q3,20.3
246,Q4,16.3
246,Q5,23.2
247,Q1,16.8
247,Q2,19.0
247,Q3,19.9
247,Q4,16.3
247,Q5,23.5
248,Q1,16.8
248,Q2,19.0
248,Q3,20.3
248,Q4,16.3
248,Q5,23.5
249,Q1,16.8
249,Q2,19.0
249,Q3,19.9
249,Q4,16.3
249,Q5,23.5
250,Q1,16.8
250,Q2,19.0
250,Q3,20.3
250,Q4,16.3
250,Q5,23.5
251,Q1,16.8
251,Q2,19.0
251,Q3,20.3
251,Q4,16.3
251,Q5,23.5
252,Q1,16.8
252,Q2,21.5
252,Q3,19.9
252,Q4,16.3
252,Q5,23.5
253,Q1,16.8
253,Q2,19.0
253,Q3,20.3
253,Q4,16.3
253,Q5,23.5
254,Q1,16.8
254,Q2,19.0
254,Q3,20.3
254,Q4,16.3
254,Q5,23.5
255,Q1,16.8
255,Q2,19.0
255,Q3,20.3
255,Q4,16.3
255,Q5,23.2
256,Q1,16.8
256,Q2,19.0
256,Q3,19.9
256,Q4,16.3
256,Q5,23.5
257,Q1,16.8
257,Q2,19.0
257,Q3,20.3
257,Q4,16.3
257,Q5,23.2
258,Q1,16.8
258,Q2,19.0
258,Q3,19.9
258,Q4,16.3
258,Q5,23.5
259,Q1,16.8
259,Q2,19.0
259,Q3,19.9
259,Q4,16.3
259,Q5,24.0
260,Q1,16.8
260,Q2,19.0
260,Q3,20.3
260,Q4,16.3
260,Q5,24.0
261,Q1,16.8
261,Q2,19.0
261,Q3,20.3
261,Q4,16.3
261,Q5,24.0
262,Q1,16.8
262,Q2,19.0
262,Q3,19.9
262,Q4,16.3
262,Q5,23.5
263,Q1,16.8
263,Q2,19.0
263,Q3,20.3
263,Q4,16.3
263,Q5,23.2
264,Q1,16.8
264,Q2,19.0
264,Q3,20.3
264,Q4,16.3
264,Q5,23.2
265,Q1,16.8
265,Q2,19.0
265,Q3,20.3
265,Q4,16.3
265,Q5,23.2
266,Q1,16.8
266,Q2,19.0
266,Q3,19.9
266,Q4,16.3
266,Q5,23.2
267,Q1,16.8
267,Q2,19.0
267,Q3,20.3
267,Q4,16.3
267,Q5,24.0
268,Q1,16.8
268,Q2,19.0
268,Q3,19.9
268,Q4,16.3
268,Q5,23.5
269,Q1,16.8
269,Q2,21.5
269,Q3,20.3
269,Q4,16.3
269,Q5,23.5
270,Q1,16.8
270,Q2,19.0
270,Q3,20.3
270,Q4,16.3
270,Q5,24.0
271,Q1,16.8
271,Q2,19.0
271,Q3,19.9
271,Q4,16.3
271,Q5,24.0
272,Q1,16.8
272,Q2,19.0
272,Q3,19.9
272,Q4,16.3
272,Q5,23.5
273,Q1,16.8
273,Q2,19.0
273,Q3,20.3
273,Q4,16.3
273,Q5,23.2
274,Q1,16.8
274,Q2,19.0
274,Q3,20.3
274,Q4,16.3
274,Q5,23.5
275,Q1,16.8
275,Q2,19.0
275,Q3,19.9
275,Q4,16.3
275,Q5,23.5
276,Q1,16.8
276,Q2,19.0
276,Q3,20.3
276,Q4,16.3
276,Q5,23.5
277,Q1,16.8
277,Q2,19.0
277,Q3,20.3
277,Q4,16.3
277,Q5,23.5
278,Q1,16.8
278,Q2,19.0
278,Q3,20.3
278,Q4,16.3
278,Q5,23.5
279,Q1,16.8
279,Q2,19.0
279,Q3,19.9
279,Q4,16.3
279,Q5,23.5
280,Q1,16.8
280,Q2,19.0
280,Q3,20.3
280,Q4,16.3
280,Q5,23.2
281,Q1,16.8
281,Q2,19.0
281,Q3,20.3
281,Q4,16.3
281,Q5,23.5
282,Q1,16.8
282,Q2,19.0
282,Q3,20.3
282,Q4,16.3
282,Q5,23.5
283,Q1,16.8
283,Q2,19.0
283,Q3,20.3
283,Q4,16.3
283,Q5,24.0
284,Q1,16.8
284,Q2,19.0
284,Q3,20.3
284,Q4,16.3
284,Q5,23.5
285,Q1,16.8
285,Q2,19.0
285,Q3,19.9
285,Q4,16.3
285,Q5,24.0
286,Q1,16.8
286,Q2,19.0
286,Q3,20.3
286,Q4,16.3
286,Q5,23.2
287,Q1,16.8
287,Q2,19.0
287,Q3,20.3
287,Q4,16.3
287,Q5,23.5
288,Q1,16.8
288,Q2,21.5
288,Q3,20.3
288,Q4,16.3
288,Q5,23.5
289,Q1,16.8
289,Q2,19.0
289,Q3,20.3
289,Q4,16.3
289,Q5,23.5
290,Q1,16.8
290,Q2,19.0
290,Q3,20.3
290,Q4,16.3
290,Q5,24.0
291,Q1,16.8
291,Q2,19.0
291,Q3,20.3
291,Q4,16.3
291,Q5,23.2
292,Q1,16.8
292,Q2,19.0
292,Q3,20.3
292,Q4,16.3
292,Q5,23.2
293,Q1,16.8
293,Q2,19.0
293,Q3,20.3
293,Q4,16.3
293,Q5,23.5
294,Q1,16.8
294,Q2,19.0
294,Q3,19.9
294,Q4,16.3
294,Q5,23.2
295,Q1,16.8
295,Q2,19.0
295,Q3,19.9
295,Q4,16.3
295,Q5,24.0
296,Q1,16.8
296,Q2,19.0
296,Q3,20.3
296,Q4,16.3
296,Q5,23.5
297,Q1,16.8
297,Q2,19.0
297,Q3,20.3
297,Q4,16.3
297,Q5,23.5
298,Q1,16.8
298,Q2,19.0
298,Q3,20.3
298,Q4,16.3
298,Q5,24.0
299,Q1,16.8
299,Q2,19.0
299,Q3,20.3
299,Q4,16.3
299,Q5,23.5
300,Q1,16.8
300,Q2,19.0
300,Q3,20.3
300,Q4,16.3
300,Q5,23.5
301,Q1,16.8
301,Q2,20.6
301,Q3,20.3
301,Q4,16.3
301,Q5,23.5
302,Q1,16.8
302,Q2,19.0
302,Q3,20.3
302,Q4,16.3
302,Q5,24.0
303,Q1,16.8
303,Q2,19.0
303,Q3,19.9
303,Q4,16.3
303,Q5,24.0
304,Q1,16.8
304,Q2,19.0
304,Q3,19.9
304,Q4,16.3
304,Q5,24.0
305,Q1,16.8
305,Q2,19.0
305,Q3,19.9
305,Q4,16.3
305,Q5,23.5
306,Q1,16.8
306,Q2,19.0
306,Q3,20.3
306,Q4,16.3
306,Q5,23.5
307,Q1,16.8
307,Q2,19.0
307,Q3,20.3
307,Q4,16.3
307,Q5,24.0
308,Q1,16.8
308,Q2,19.0
308,Q3,20.3
308,Q4,16.3
308,Q5,23.5
309,Q1,16.8
309,Q2,19.0
309,Q3,19.9
309,Q4,16.3
309,Q5,23.5
310,Q1,16.8
310,Q2,19.0
310,Q3,19.9
310,Q4,16.3
310,Q5,24.0
311,Q1,16.8
311,Q2,19.0
311,Q3,20.3
311,Q4,16.3
311,Q5,23.5
312,Q1,16.8
312,Q2,19.0
312,Q3,20.3
312,Q4,16.3
312,Q5,24.0
313,Q1,16.8
313,Q2,19.0
313,Q3,19.9
313,Q4,16.3
313,Q5,23.2
314,Q1,16.8
314,Q2,19.0
314,Q3,20.3
314,Q4,16.3
314,Q5,24.0
315,Q1,16.8
315,Q2,19.0
315,Q3,20.3
315,Q4,16.3
315,Q5,23.2
316,Q1,16.8
316,Q2,19.0
316,Q3,20.3
316,Q4,16.3
316,Q5,23.2
317,Q1,16.8
317,Q2,19.0
317,Q3,19.9
317,Q4,16.3
317,Q5,24.0
318,Q1,16.8
318,Q2,21.5
318,Q3,19.9
318,Q4,16.3
318,Q5,23.5
319,Q1,16.8
319,Q2,19.0
319,Q3,20.3
319,Q4,16.3
319,Q5,23.5
320,Q1,16.8
320,Q2,19.0
320,Q3,20.3
320,Q4,16.3
320,Q5,23.5
321,Q1,16.8
321,Q2,19.0
321,Q3,20.3
321,Q4,16.3
321,Q5,23.2
322,Q1,16.8
322,Q2,19.0
322,Q3,19.9
322,Q4,16.3
322,Q5,23.2
323,Q1,16.8
323,Q2,19.0
323,Q3,20.3
323,Q4,16.3
323,Q5,24.0
324,Q1,16.8
324,Q2,19.0
324,Q3,19.9
324,Q4,16.3
324,Q5,23.2
325,Q1,16.8
325,Q2,19.0
325,Q3,20.3
325,Q4,16.3
325,Q5,23.5
326,Q1,16.8
326,Q2,19.0
326,Q3,20.3
326,Q4,16.3
326,Q5,24.0
327,Q1,16.8
327,Q2,19.0
327,Q3,19.9
327,Q4,16.3
327,Q5,23.2
328,Q1,16.8
328,Q2,19.0
328,Q3,19.9
328,Q4,16.3
328,Q5,23.5
329,Q1,16.8
329,Q2,19.0
329,Q3,19.9
329,Q4,16.3
329,Q5,23.5
330,Q1,16.8
330,Q2,19.0
330,Q3,19.9
330,Q4,16.3
330,Q5,24.0
331,Q1,16.8
331,Q2,19.0
331,Q3,19.9
331,Q4,16.3
331,Q5,24.0
332,Q1,16.8
332,Q2,19.0
332,Q3,19.9
332,Q4,16.3
332,Q5,23.2
333,Q1,16.8
333,Q2,19.0
333,Q3,19.9
333,Q4,16.3
333,Q5,23.5
334,Q1,16.8
334,Q2,19.0
334,Q3,20.3
334,Q4,16.3
334,Q5,24.0
335,Q1,16.8
335,Q2,19.0
335,Q3,20.3
335,Q4,16.3
335,Q5,24.0
336,Q1,16.8
336,Q2,19.0
336,Q3,20.3
336,Q4,16.3
336,Q5,24.0
337,Q1,16.8
337,Q2,20.9
337,Q3,19.9
337,Q4,16.3
337,Q5,23.5
338,Q1,16.8
338,Q2,19.0
338,Q3,19.9
338,Q4,16.3
338,Q5,23.5
339,Q1,16.8
339,Q2,19.0
339,Q3,20.3
339,Q4,16.3
339,Q5,23.5
340,Q1,16.8
340,Q2,19.0
340,Q3,20.3
340,Q4,16.3
340,Q5,23.5
341,Q1,16.8
341,Q2,21.5
341,Q3,20.3
341,Q4,16.3
341,Q5,24.0
342,Q1,16.8
342,Q2,19.0
342,Q3,20.3
342,Q4,16.3
342,Q5,24.0
343,Q1,16.8
343,Q2,19.0
343,Q3,19.9
343,Q4,16.3
343,Q5,23.5
344,Q1,16.8
344,Q2,19.0
344,Q3,20.3
344,Q4,16.3
344,Q5,23.5
345,Q1,16.8
345,Q2,19.0
345,Q3,19.9
345,Q4,16.3
345,Q5,23.2
346,Q1,16.8
346,Q2,19.0
346,Q3,19.9
346,Q4,16.3
346,Q5,23.5
347,Q1,16.8
347,Q2,19.0
347,Q3,19.9
347,Q4,16.3
347,Q5,24.0
348,Q1,16.8
348,Q2,19.0
348,Q3,19.9
348,Q4,16.3
348,Q5,24.0
349,Q1,16.8
349,Q2,19.0
349,Q3,19.9
349,Q4,16.3
349,Q5,23.2
350,Q1,16.8
350,Q2,19.0
350,Q3,19.9
350,Q4,16.3
350,Q5,24.0
351,Q1,16.8
351,Q2,19.0
351,Q3,19.9
351,Q4,16.3
351,Q5,23.2
352,Q1,16.8
352,Q2,19.0
352,Q3,20.3
352,Q4,16.3
352,Q5,23.2
353,Q1,16.8
353,Q2,19.0
353,Q3,20.3
353,Q4,16.3
353,Q5,23.2
354,Q1,16.8
354,Q2,19.0
354,Q3,20.3
354,Q4,16.3
354,Q5,23.5
355,Q1,16.8
355,Q2,19.0
355,Q3,20.3
355,Q4,16.3
355,Q5,23.5
356,Q1,16.8
356,Q2,19.0
356,Q3,20.3
356,Q4,16.3
356,Q5,24.0
357,Q1,16.8
357,Q2,19.0
357,Q3,19.9
357,Q4,16.3
357,Q5,23.5
358,Q1,16.8
358,Q2,19.0
358,Q3,20.3
358,Q4,16.3
358,Q5,23.2
359,Q1,16.8
359,Q2,19.0
359,Q3,20.3
359,Q4,16.3
359,Q5,23.5
360,Q1,16.8
360,Q2,19.0
360,Q3,20.3
360,Q4,16.3
360,Q5,23.2
361,Q1,16.8
361,Q2,19.0
361,Q3,19.9
361,Q4,16.3
361,Q5,24.0
362,Q1,16.8
362,Q2,19.0
362,Q3,20.3
362,Q4,16.3
362,Q5,24.0
363,Q1,16.8
363,Q2,20.9
363,Q3,19.9
363,Q4,16.3
363,Q5,23.5
364,Q1,16.8
364,Q2,19.0
364,Q3,20.3
364,Q4,16.3
364,Q5,24.0
365,Q1,16.8
365,Q2,19.0
365,Q3,20.3
365,Q4,16.3
365,Q5,23.5
366,Q1,16.8
366,Q2,19.0
366,Q3,20.3
366,Q4,16.3
366,Q5,24.0
367,Q1,16.8
367,Q2,19.0
367,Q3,20.3
367,Q4,16.3
367,Q5,23.5
368,Q1,16.8
368,Q2,19.0
368,Q3,20.3
368,Q4,16.3
368,Q5,23.5
369,Q1,16.8
369,Q2,19.0
369,Q3,19.9
369,Q4,16.3
369,Q5,23.2
370,Q1,16.8
370,Q2,19.0
370,Q3,20.3
370,Q4,16.3
370,Q5,24.0
371,Q1,16.8
371,Q2,19.0
371,Q3,20.3
371,Q4,16.3
371,Q5,23.2
372,Q1,16.8
372,Q2,19.0
372,Q3,19.9
372,Q4,16.3
372,Q5,23.2
373,Q1,16.8
373,Q2,21.5
373,Q3,20.3
373,Q4,16.3
373,Q5,23.5
374,Q1,16.8
374,Q2,19.0
374,Q3,20.3
374,Q4,16.3
374,Q5,23.2
375,Q1,16.8
375,Q2,19.0
375,Q3,20.3
375,Q4,16.3
375,Q5,23.5
376,Q1,16.8
376,Q2,19.0
376,Q3,20.3
376,Q4,16.3
376,Q5,24.0
377,Q1,16.8
377,Q2,19.0
377,Q3,20.3
377,Q4,16.3
377,Q5,23.5
378,Q1,16.8
378,Q2,19.0
378,Q3,19.9
378,Q4,16.3
378,Q5,24.0
379,Q1,16.8
379,Q2,19.0
379,Q3,20.3
379,Q4,16.3
379,Q5,23.5
380,Q1,16.8
380,Q2,19.0
380,Q3,19.9
380,Q4,16.3
380,Q5,23.5
381,Q1,16.8
381,Q2,19.0
381,Q3,20.3
381,Q4,16.3
381,Q5,23.2
382,Q1,16.8
382,Q2,19.0
382,Q3,19.9
382,Q4,16.3
382,Q5,23.2
383,Q1,16.8
383,Q2,19.0
383,Q3,20.3
383,Q4,16.3
383,Q5,23.5
384,Q1,16.8
384,Q2,19.0
384,Q3,20.3
384,Q4,16.3
384,Q5,23.5
385,Q1,16.8
385,Q2,19.0
385,Q3,20.3
385,Q4,16.3
385,Q5,23.5
386,Q1,16.8
386,Q2,19.0
386,Q3,19.9
386,Q4,16.3
386,Q5,23.5
387,Q1,16.8
387,Q2,19.0
387,Q3,20.3
387,Q4,16.3
387,Q5,23.5
388,Q1,16.8
388,Q2,19.0
388,Q3,20.3
388,Q4,16.3
388,Q5,23.2
389,Q1,16.8
389,Q2,19.0
389,Q3,19.9
389,Q4,16.3
389,Q5,23.2
390,Q1,16.8
390,Q2,19.0
390,Q3,20.3
390,Q4,16.3
390,Q5,23.5
391,Q1,16.8
391,Q2,19.0
391,Q3,20.3
391,Q4,16.3
391,Q5,24.0
392,Q1,16.8
392,Q2,20.6
392,Q3,20.3
392,Q4,16.3
392,Q5,23.5
393,Q1,16.8
393,Q2,19.0
393,Q3,20.3
393,Q4,16.3
393,Q5,23.5
394,Q1,16.8
394,Q2,19.0
394,Q3,19.9
394,Q4,16.3
394,Q5,23.5
395,Q1,16.8
395,Q2,19.0
395,Q3,20.3
395,Q4,16.3
395,Q5,24.0
396,Q1,16.8
396,Q2,19.0
396,Q3,20.3
396,Q4,16.3
396,Q5,23.2
397,Q1,16.8
397,Q2,19.0
397,Q3,20.3
397,Q4,16.3
397,Q5,23.2
398,Q1,16.8
398,Q2,19.0
398,Q3,19.9
398,Q4,16.3
398,Q5,23.2
399,Q1,16.8
399,Q2,19.0
399,Q3,19.9
399,Q4,16.3
399,Q5,23.5
400,Q1,16.8
400,Q2,19.0
400,Q3,20.3
400,Q4,16.3
400,Q5,23.5
401,Q1,16.8
401,Q2,19.0
401,Q3,20.3
401,Q4,16.3
401,Q5,23.5
402,Q1,16.8
402,Q2,19.0
402,Q3,19.9
402,Q4,16.3
402,Q5,24.0
403,Q1,16.8
403,Q2,19.0
403,Q3,20.3
403,Q4,16.3
403,Q5,23.5
404,Q1,16.8
404,Q2,19.0
404,Q3,19.9
404,Q4,16.3
404,Q5,23.2
405,Q1,16.8
405,Q2,19.0
405,Q3,19.9
405,Q4,16.3
405,Q5,23.5
406,Q1,16.8
406,Q2,19.0
406,Q3,19.9
406,Q4,16.3
406,Q5,23.2
407,Q1,16.8
407,Q2,19.0
407,Q3,19.9
407,Q4,16.3
407,Q5,24.0
408,Q1,16.8
408,Q2,19.0
408,Q3,20.3
408,Q4,16.3
408,Q5,24.0
409,Q1,16.8
409,Q2,19.0
409,Q3,19.9
409,Q4,16.3
409,Q5,23.2
410,Q1,16.8
410,Q2,19.0
410,Q3,19.9
410,Q4,16.3
410,Q5,24.0
411,Q1,16.8
411,Q2,19.0
411,Q3,20.3
411,Q4,16.3
411,Q5,24.0
412,Q1,16.8
412,Q2,19.0
412,Q3,20.3
412,Q4,16.3
412,Q5,23.2
413,Q1,16.8
413,Q2,19.0
413,Q3,20.3
413,Q4,16.3
413,Q5,23.5
414,Q1,16.8
414,Q2,19.0
414,Q3,20.3
414,Q4,16.3
414,Q5,23.2
415,Q1,16.8
415,Q2,19.0
415,Q3,20.3
415,Q4,16.3
415,Q5,23.2
416,Q1,16.8
416,Q2,19.0
416,Q3,19.9
416,Q4,16.3
416,Q5,23.5
417,Q1,16.8
417,Q2,19.0
417,Q3,20.3
417,Q4,16.3
417,Q5,23.5
418,Q1,16.8
418,Q2,19.0
418,Q3,19.9
418,Q4,16.3
418,Q5,23.5
419,Q1,16.8
419,Q2,19.0
419,Q3,20.3
419,Q4,16.3
419,Q5,23.5
420,Q1,16.8
420,Q2,19.0
420,Q3,20.3
420,Q4,16.3
420,Q5,23.5
421,Q1,16.8
421,Q2,19.0
421,Q3,19.9
421,Q4,16.3
421,Q5,23.2
422,Q1,16.8
422,Q2,19.0
422,Q3,20.3
422,Q4,16.3
422,Q5,23.2
423,Q1,16.8
423,Q2,19.0
423,Q3,20.3
423,Q4,16.3
423,Q5,23.2
424,Q1,16.8
424,Q2,19.0
424,Q3,20.3
424,Q4,16.3
424,Q5,24.0
425,Q1,16.8
425,Q2,19.0
425,Q3,20.3
425,Q4,16.3
425,Q5,24.0
426,Q1,16.8
426,Q2,19.0
426,Q3,19.9
426,Q4,16.3
426,Q5,23.2
427,Q1,16.8
427,Q2,20.9
427,Q3,20.3
427,Q4,16.3
427,Q5,23.5
428,Q1,16.8
428,Q2,19.0
428,Q3,19.9
428,Q4,16.3
428,Q5,23.5
429,Q1,16.8
429,Q2,19.0
429,Q3,20.3
429,Q4,16.3
429,Q5,24.0
430,Q1,16.8
430,Q2,19.0
430,Q3,19.9
430,Q4,16.3
430,Q5,23.2
431,Q1,16.8
431,Q2,19.0
431,Q3,19.9
431,Q4,16.3
431,Q5,23.5
432,Q1,16.8
432,Q2,19.0
432,Q3,19.9
432,Q4,16.3
432,Q5,23.5
433,Q1,16.8
433,Q2,19.0
433,Q3,19.9
433,Q4,16.3
433,Q5,23.2
434,Q1,16.8
434,Q2,19.0
434,Q3,20.3
434,Q4,16.3
434,Q5,24.0
435,Q1,16.8
435,Q2,20.9
435,Q3,19.9
435,Q4,16.3
435,Q5,23.2
436,Q1,16.8
436,Q2,19.0
436,Q3,19.9
436,Q4,16.3
436,Q5,23.5
437,Q1,16.8
437,Q2,19.0
437,Q3,20.3
437,Q4,16.3
437,Q5,24.0
438,Q1,16.8
438,Q2,19.0
438,Q3,19.9
438,Q4,16.3
438,Q5,24.0
439,Q1,16.8
439,Q2,19.0
439,Q3,20.3
439,Q4,16.3
439,Q5,24.0
440,Q1,16.8
440,Q2,19.0
440,Q3,20.3
440,Q4,16.3
440,Q5,23.5
441,Q1,16.8
441,Q2,19.0
441,Q3,19.9
441,Q4,16.3
441,Q5,23.2
442,Q1,16.8
442,Q2,19.0
442,Q3,20.3
442,Q4,16.3
442,Q5,24.0
443,Q1,16.8
443,Q2,19.0
443,Q3,20.3
443,Q4,16.3
443,Q5,23.5
444,Q1,16.8
444,Q2,19.0
444,Q3,20.3
444,Q4,16.3
444,Q5,23.5
445,Q1,16.8
445,Q2,19.0
445,Q3,20.3
445,Q4,16.3
445,Q5,24.0
446,Q1,16.8
446,Q2,19.0
446,Q3,19.9
446,Q4,16.3
446,Q5,23.2
447,Q1,16.8
447,Q2,19.0
447,Q3,20.3
447,Q4,16.3
447,Q5,23.5
448,Q1,16.8
448,Q2,19.0
448,Q3,19.9
448,Q4,16.3
448,Q5,23.2
449,Q1,16.8
449,Q2,19.0
449,Q3,20.3
449,Q4,16.3
449,Q5,23.2
450,Q1,16.8
450,Q2,19.0
450,Q3,19.9
450,Q4,16.3
450,Q5,23.2
451,Q1,16.8
451,Q2,20.9
451,Q3,20.3
451,Q4,16.3
451,Q5,23.2
452,Q1,16.8
452,Q2,19.0
452,Q3,20.3
452,Q4,16.3
452,Q5,23.2
453,Q1,16.8
453,Q2,19.0
453,Q3,20.3
453,Q4,16.3
453,Q5,23.5
454,Q1,16.8
454,Q2,21.5
454,Q3,20.3
454,Q4,16.3
454,Q5,23.2
455,Q1,16.8
455,Q2,21.5
455,Q3,20.3
455,Q4,16.3
455,Q5,23.2
456,Q1,16.8
456,Q2,19.0
456,Q3,19.9
456,Q4,16.3
456,Q5,24.0
457,Q1,16.8
457,Q2,20.9
457,Q3,20.3
457,Q4,16.3
457,Q5,24.0
458,Q1,16.8
458,Q2,19.0
458,Q3,19.9
458,Q4,16.3
458,Q5,23.5
459,Q1,16.8
459,Q2,19.0
459,Q3,20.3
459,Q4,16.3
459,Q5,23.5
460,Q1,16.8
460,Q2,19.0
460,Q3,20.3
460,Q4,16.3
460,Q5,23.5
461,Q1,16.8
461,Q2,19.0
461,Q3,19.9
461,Q4,16.3
461,Q5,23.2
462,Q1,16.8
462,Q2,19.0
462,Q3,20.3
462,Q4,16.3
462,Q5,23.5
463,Q1,16.8
463,Q2,19.0
463,Q3,20.3
463,Q4,16.3
463,Q5,23.2
464,Q1,16.8
464,Q2,19.0
464,Q3,19.9
464,Q4,16.3
464,Q5,23.2
465,Q1,16.8
465,Q2,19.0
465,Q3,20.3
465,Q4,16.3
465,Q5,23.5
466,Q1,16.8
466,Q2,19.0
466,Q3,20.3
466,Q4,16.3
466,Q5,23.5
467,Q1,16.8
467,Q2,21.5
467,Q3,20.3
467,Q4,16.3
467,Q5,23.2
468,Q1,16.8
468,Q2,19.0
468,Q3,19.9
468,Q4,16.3
468,Q5,23.2
469,Q1,16.8
469,Q2,21.5
469,Q3,20.3
469,Q4,16.3
469,Q5,23.5
470,Q1,16.8
470,Q2,19.0
470,Q3,19.9
470,Q4,16.3
470,Q5,23.5
471,Q1,16.8
471,Q2,19.0
471,Q3,20.3
471,Q4,16.3
471,Q5,23.2
472,Q1,16.8
472,Q2,19.0
472,Q3,19.9
472,Q4,16.3
472,Q5,24.0
473,Q1,16.8
473,Q2,19.0
473,Q3,19.9
473,Q4,16.3
473,Q5,23.2
474,Q1,16.8
474,Q2,19.0
474,Q3,20.3
474,Q4,16.3
474,Q5,23.5
475,Q1,16.8
475,Q2,19.0
475,Q3,19.9
475,Q4,16.3
475,Q5,24.0
476,Q1,16.8
476,Q2,19.0
476,Q3,19.9
476,Q4,16.3
476,Q5,23.5
477,Q1,16.8
477,Q2,19.0
477,Q3,19.9
477,Q4,16.3
477,Q5,24.0
478,Q1,16.8
478,Q2,19.0
478,Q3,20.3
478,Q4,16.3
478,Q5,23.2
479,Q1,16.8
479,Q2,19.0
479,Q3,20.3
479,Q4,16.3
479,Q5,23.2
480,Q1,16.8
480,Q2,19.0
480,Q3,19.9
480,Q4,16.3
480,Q5,24.0
481,Q1,16.8
481,Q2,19.0
481,Q3,19.9
481,Q4,16.3
481,Q5,23.5
482,Q1,16.8
482,Q2,19.0
482,Q3,19.9
482,Q4,16.3
482,Q5,24.0
483,Q1,16.8
483,Q2,19.0
483,Q3,20.3
483,Q4,16.3
483,Q5,24.0
484,Q1,16.8
484,Q2,19.0
484,Q3,20.3
484,Q4,16.3
484,Q5,23.2
485,Q1,16.8
485,Q2,19.0
485,Q3,20.3
485,Q4,16.3
485,Q5,23.5
486,Q1,16.8
486,Q2,19.0
486,Q3,19.9
486,Q4,16.3
486,Q5,23.2
487,Q1,16.8
487,Q2,19.0
487,Q3,19.9
487,Q4,16.3
487,Q5,24.0
488,Q1,16.8
488,Q2,19.0
488,Q3,19.9
488,Q4,16.3
488,Q5,23.5
489,Q1,16.8
489,Q2,19.0
489,Q3,20.3
489,Q4,16.3
489,Q5,23.5
490,Q1,16.8
490,Q2,19.0
490,Q3,19.9
490,Q4,16.3
490,Q5,23.5
491,Q1,16.8
491,Q2,19.0
491,Q3,20.3
491,Q4,16.3
491,Q5,23.2
492,Q1,16.8
492,Q2,19.0
492,Q3,20.3
492,Q4,16.3
492,Q5,23.5
493,Q1,16.8
493,Q2,19.0
493,Q3,19.9
493,Q4,16.3
493,Q5,23.5
494,Q1,16.8
494,Q2,19.0
494,Q3,20.3
494,Q4,16.3
494,Q5,24.0
495,Q1,16.8
495,Q2,19.0
495,Q3,19.9
495,Q4,16.3
495,Q5,24.0
496,Q1,16.8
496,Q2,19.0
496,Q3,19.9
496,Q4,16.3
496,Q5,23.5
497,Q1,16.8
497,Q2,19.0
497,Q3,20.3
497,Q4,16.3
497,Q5,23.2
498,Q1,16.8
498,Q2,19.0
498,Q3,20.3
498,Q4,16.3
498,Q5,23.5
499,Q1,16.8
499,Q2,19.0
499,Q3,20.3
499,Q4,16.3
499,Q5,23.5
500,Q1,16.8
500,Q2,19.0
500,Q3,20.3
500,Q4,16.3
500,Q5,23.2
